{
  "name": "Together.Ai Schnell Generator",
  "nodes": [
    {
      "parameters": {},
      "id": "82573475-fb3c-4d2f-9948-ac45bcea2913",
      "name": "When clicking ‘Test workflow’",
      "type": "n8n-nodes-base.manualTrigger",
      "typeVersion": 1,
      "position": [
        980,
        540
      ]
    },
    {
      "parameters": {
        "operation": "toBinary",
        "sourceProperty": "data[0].b64_json",
        "options": {}
      },
      "id": "f576ba4a-180c-4ff1-8dd8-94ae5c0c4034",
      "name": "Convert to File",
      "type": "n8n-nodes-base.convertToFile",
      "typeVersion": 1.1,
      "position": [
        1360,
        440
      ]
    },
    {
      "parameters": {},
      "id": "6c06200a-74c4-43ed-b31d-7b3b36838e0a",
      "name": "Execute Workflow Trigger",
      "type": "n8n-nodes-base.executeWorkflowTrigger",
      "typeVersion": 1,
      "position": [
        980,
        300
      ]
    },
    {
      "parameters": {
        "method": "POST",
        "url": "https://api.together.xyz/v1/images/generations",
        "authentication": "genericCredentialType",
        "genericAuthType": "httpHeaderAuth",
        "sendHeaders": true,
        "headerParameters": {
          "parameters": [
            {}
          ]
        },
        "sendBody": true,
        "bodyParameters": {
          "parameters": [
            {
              "name": "model",
              "value": "black-forest-labs/FLUX.1-schnell-Free"
            },
            {
              "name": "prompt",
              "value": "={{ $json.message.content }}"
            },
            {
              "name": "width",
              "value": 1440
            },
            {
              "name": "height",
              "value": 1024
            },
            {
              "name": "steps",
              "value": 4
            },
            {
              "name": "n",
              "value": 1
            },
            {
              "name": "seed",
              "value": "={{ Math.floor(Math.random() * 10000) + 1 }}"
            },
            {
              "name": "response_format",
              "value": "b64_json"
            },
            {
              "name": "update_at",
              "value": "={{ new Date().toISOString() }}"
            }
          ]
        },
        "options": {}
      },
      "id": "8b77a2f7-6208-4871-bae8-053600decddb",
      "name": "Together Ai Prompt",
      "type": "n8n-nodes-base.httpRequest",
      "typeVersion": 4.2,
      "position": [
        1180,
        440
      ],
      "credentials": {
        "httpHeaderAuth": {
          "id": "SAxbtmnx9vUefwk5",
          "name": "Together.Ai"
        }
      }
    }
  ],
  "pinData": {},
  "connections": {
    "When clicking ‘Test workflow’": {
      "main": [
        [
          {
            "node": "Together Ai Prompt",
            "type": "main",
            "index": 0
          }
        ]
      ]
    },
    "Execute Workflow Trigger": {
      "main": [
        [
          {
            "node": "Together Ai Prompt",
            "type": "main",
            "index": 0
          }
        ]
      ]
    },
    "Together Ai Prompt": {
      "main": [
        [
          {
            "node": "Convert to File",
            "type": "main",
            "index": 0
          }
        ]
      ]
    }
  },
  "active": false,
  "settings": {
    "executionOrder": "v1"
  },
  "versionId": "9f7075ff-8f9b-4c99-83f0-01fe7098516e",
  "meta": {
    "templateCredsSetupCompleted": true,
    "instanceId": "934a9e7dd20e2fad5089c3fe1108650835bafed455e0c7044c6446a941e37c96"
  },
  "id": "56cjSWDoaXNCWnv1",
  "tags": []
}