{
  "name": "Universal RAG — AM Bot",
  "nodes": [
    {
      "parameters": {
        "options": {}
      },
      "id": "5129e82f-1020-4150-80ad-25320a8b914d",
      "name": "OpenAI Chat Model",
      "type": "@n8n/n8n-nodes-langchain.lmChatOpenAi",
      "typeVersion": 1,
      "position": [
        880,
        1060
      ],
      "credentials": {
        "openAiApi": {
          "id": "bXwnlp1afbkOM7R3",
          "name": "OpenAi account"
        }
      }
    },
    {
      "parameters": {
        "options": {}
      },
      "id": "67603fbf-d69b-469d-9ed6-8aba708091ef",
      "name": "OpenAI Chat Model1",
      "type": "@n8n/n8n-nodes-langchain.lmChatOpenAi",
      "typeVersion": 1,
      "position": [
        1360,
        1260
      ],
      "credentials": {
        "openAiApi": {
          "id": "bXwnlp1afbkOM7R3",
          "name": "OpenAi account"
        }
      }
    },
    {
      "parameters": {
        "jsonMode": "expressionData",
        "jsonData": "={{ $json.data || $json.text || $json.concatenated_data }}",
        "options": {
          "metadata": {
            "metadataValues": [
              {
                "name": "=file_id",
                "value": "={{ $('Set File ID').first().json.file_id }}"
              }
            ]
          }
        }
      },
      "id": "4bf5f5ff-246b-47ea-b00e-e7ba1d1a93c7",
      "name": "Default Data Loader",
      "type": "@n8n/n8n-nodes-langchain.documentDefaultDataLoader",
      "typeVersion": 1,
      "position": [
        2380,
        2080
      ]
    },
    {
      "parameters": {
        "model": "text-embedding-3-small",
        "options": {}
      },
      "id": "4b2738f5-5faa-4e99-9262-b43c1954e095",
      "name": "Embeddings OpenAI1",
      "type": "@n8n/n8n-nodes-langchain.embeddingsOpenAi",
      "typeVersion": 1,
      "position": [
        2180,
        2080
      ],
      "credentials": {
        "openAiApi": {
          "id": "bXwnlp1afbkOM7R3",
          "name": "OpenAi account"
        }
      }
    },
    {
      "parameters": {
        "name": "user_documents",
        "description": "Contains all the user's documents that you can check for context to answer user questions."
      },
      "id": "fad5a458-a99d-44a9-b3b2-28e7509980b5",
      "name": "Retrieve Documents",
      "type": "@n8n/n8n-nodes-langchain.toolVectorStore",
      "typeVersion": 1,
      "position": [
        1160,
        1060
      ]
    },
    {
      "parameters": {
        "authentication": "serviceAccount",
        "operation": "download",
        "fileId": {
          "__rl": true,
          "value": "={{ $('Set File ID').item.json.file_id }}",
          "mode": "id"
        },
        "options": {
          "googleFileConversion": {
            "conversion": {
              "docsToFormat": "text/plain"
            }
          }
        }
      },
      "id": "216790f6-91d5-42da-af77-00b3fa7137c9",
      "name": "Download File",
      "type": "n8n-nodes-base.googleDrive",
      "typeVersion": 3,
      "position": [
        1120,
        1880
      ],
      "executeOnce": true,
      "credentials": {
        "googleApi": {
          "id": "33zR2IbPxZKIq3GM",
          "name": "Google Service Account account"
        }
      }
    },
    {
      "parameters": {
        "pollTimes": {
          "item": [
            {
              "mode": "everyMinute"
            }
          ]
        },
        "authentication": "serviceAccount",
        "triggerOn": "specificFolder",
        "folderToWatch": {
          "__rl": true,
          "value": "1IwmRFGUNy4P26jry3oNf-VEphViOCA6r",
          "mode": "list",
          "cachedResultName": "n8n-RAG",
          "cachedResultUrl": "https://drive.google.com/drive/folders/1IwmRFGUNy4P26jry3oNf-VEphViOCA6r"
        },
        "event": "fileCreated",
        "options": {}
      },
      "id": "b2ad2055-4adb-44ed-826f-9f38fb54d016",
      "name": "File Created",
      "type": "n8n-nodes-base.googleDriveTrigger",
      "typeVersion": 1,
      "position": [
        360,
        1780
      ],
      "credentials": {
        "googleApi": {
          "id": "33zR2IbPxZKIq3GM",
          "name": "Google Service Account account"
        }
      }
    },
    {
      "parameters": {
        "pollTimes": {
          "item": [
            {
              "mode": "everyMinute"
            }
          ]
        },
        "authentication": "serviceAccount",
        "triggerOn": "specificFolder",
        "folderToWatch": {
          "__rl": true,
          "value": "1IwmRFGUNy4P26jry3oNf-VEphViOCA6r",
          "mode": "list",
          "cachedResultName": "n8n-RAG",
          "cachedResultUrl": "https://drive.google.com/drive/folders/1IwmRFGUNy4P26jry3oNf-VEphViOCA6r"
        },
        "event": "fileUpdated",
        "options": {}
      },
      "id": "4b65af93-1b64-473f-b376-cff47362ed45",
      "name": "File Updated",
      "type": "n8n-nodes-base.googleDriveTrigger",
      "typeVersion": 1,
      "position": [
        360,
        2000
      ],
      "credentials": {
        "googleApi": {
          "id": "33zR2IbPxZKIq3GM",
          "name": "Google Service Account account"
        }
      }
    },
    {
      "parameters": {
        "operation": "text",
        "options": {}
      },
      "id": "efc4a840-e590-4e24-96d9-25e449f05fdb",
      "name": "Extract Document Text",
      "type": "n8n-nodes-base.extractFromFile",
      "typeVersion": 1,
      "position": [
        1800,
        2080
      ],
      "alwaysOutputData": true
    },
    {
      "parameters": {
        "model": "text-embedding-3-small",
        "options": {}
      },
      "id": "f4a17cf7-e33e-4d6b-9c93-ee8d21d8ade3",
      "name": "Embeddings OpenAI",
      "type": "@n8n/n8n-nodes-langchain.embeddingsOpenAi",
      "typeVersion": 1,
      "position": [
        1120,
        1420
      ],
      "credentials": {
        "openAiApi": {
          "id": "bXwnlp1afbkOM7R3",
          "name": "OpenAi account"
        }
      }
    },
    {
      "parameters": {},
      "id": "05f79c3f-965c-4bc5-ae81-34adf386773b",
      "name": "Postgres Chat Memory",
      "type": "@n8n/n8n-nodes-langchain.memoryPostgresChat",
      "typeVersion": 1,
      "position": [
        1020,
        1060
      ],
      "notesInFlow": false,
      "credentials": {
        "postgres": {
          "id": "pb8xy2xVwbtblm2N",
          "name": "n8n-RAG"
        }
      }
    },
    {
      "parameters": {
        "operation": "delete",
        "tableId": "documents",
        "filterType": "string",
        "filterString": "=metadata->>file_id=like.*{{ $json.file_id }}*"
      },
      "id": "18578a13-34c6-4fb1-b32a-9e89a82303bc",
      "name": "Delete Old Doc Rows",
      "type": "n8n-nodes-base.supabase",
      "typeVersion": 1,
      "position": [
        880,
        1880
      ],
      "alwaysOutputData": true,
      "credentials": {
        "supabaseApi": {
          "id": "EraQWV0NIoG9FOF9",
          "name": "Supabase n8n-RAG"
        }
      }
    },
    {
      "parameters": {
        "assignments": {
          "assignments": [
            {
              "id": "10646eae-ae46-4327-a4dc-9987c2d76173",
              "name": "file_id",
              "value": "={{ $json.id }}",
              "type": "string"
            },
            {
              "id": "f4536df5-d0b1-4392-bf17-b8137fb31a44",
              "name": "file_type",
              "value": "={{ $json.mimeType }}",
              "type": "string"
            }
          ]
        },
        "options": {}
      },
      "id": "032e9837-88bf-4ef9-b5db-3a910e6635ac",
      "name": "Set File ID",
      "type": "n8n-nodes-base.set",
      "typeVersion": 3.4,
      "position": [
        640,
        1880
      ]
    },
    {
      "parameters": {
        "assignments": {
          "assignments": [
            {
              "id": "9a9a245e-f1a1-4282-bb02-a81ffe629f0f",
              "name": "chatInput",
              "value": "={{ $json?.chatInput || $json.body.chatInput }}",
              "type": "string"
            },
            {
              "id": "b80831d8-c653-4203-8706-adedfdb98f77",
              "name": "sessionId",
              "value": "={{ $json?.sessionId || $json.body.sessionId}}",
              "type": "string"
            }
          ]
        },
        "options": {}
      },
      "id": "810e5685-7f54-423b-8f20-b7b6253f7acb",
      "name": "Edit Fields",
      "type": "n8n-nodes-base.set",
      "typeVersion": 3.4,
      "position": [
        720,
        840
      ]
    },
    {
      "parameters": {
        "public": true,
        "options": {}
      },
      "id": "a6dd8f79-9020-42de-8062-bab1e4faee86",
      "name": "When chat message received",
      "type": "@n8n/n8n-nodes-langchain.chatTrigger",
      "typeVersion": 1.1,
      "position": [
        460,
        840
      ],
      "webhookId": "ec30e0a0-9822-45cb-b0b7-2e215ea6d0fa"
    },
    {
      "parameters": {
        "operation": "pdf",
        "options": {}
      },
      "id": "741dedb9-9ab2-4a43-b03b-f6882575cc7a",
      "name": "Extract PDF Text",
      "type": "n8n-nodes-base.extractFromFile",
      "typeVersion": 1,
      "position": [
        1800,
        1700
      ]
    },
    {
      "parameters": {
        "aggregate": "aggregateAllItemData",
        "options": {}
      },
      "id": "b78f1b88-2300-4849-bad7-8a3c6855d80b",
      "name": "Aggregate",
      "type": "n8n-nodes-base.aggregate",
      "typeVersion": 1,
      "position": [
        1800,
        1880
      ]
    },
    {
      "parameters": {
        "chunkSize": 500,
        "chunkOverlap": 100
      },
      "id": "9db001b5-713f-4f66-9f2d-450e1078ce8a",
      "name": "Character Text Splitter",
      "type": "@n8n/n8n-nodes-langchain.textSplitterCharacterTextSplitter",
      "typeVersion": 1,
      "position": [
        2480,
        2240
      ]
    },
    {
      "parameters": {
        "fieldsToSummarize": {
          "values": [
            {
              "aggregation": "concatenate",
              "field": "data"
            }
          ]
        },
        "options": {}
      },
      "id": "3d6184a3-4ab0-42aa-bd0c-b92fdd204713",
      "name": "Summarize",
      "type": "n8n-nodes-base.summarize",
      "typeVersion": 1,
      "position": [
        1960,
        1880
      ]
    },
    {
      "parameters": {
        "promptType": "define",
        "text": "={{ $json.chatInput }}",
        "options": {
          "systemMessage": "You are a personal assistant who helps answer questions from a corpus of documents when you don't know the answer yourself."
        }
      },
      "id": "1eebd310-cea5-4301-92a4-05da7ba685ae",
      "name": "RAG AI Agent",
      "type": "@n8n/n8n-nodes-langchain.agent",
      "typeVersion": 1.6,
      "position": [
        940,
        840
      ]
    },
    {
      "parameters": {
        "rules": {
          "values": [
            {
              "conditions": {
                "options": {
                  "caseSensitive": true,
                  "leftValue": "",
                  "typeValidation": "strict",
                  "version": 1
                },
                "conditions": [
                  {
                    "leftValue": "={{ $('Set File ID').item.json.file_type }}",
                    "rightValue": "application/pdf",
                    "operator": {
                      "type": "string",
                      "operation": "equals"
                    }
                  }
                ],
                "combinator": "and"
              }
            },
            {
              "conditions": {
                "options": {
                  "caseSensitive": true,
                  "leftValue": "",
                  "typeValidation": "strict",
                  "version": 1
                },
                "conditions": [
                  {
                    "id": "2ae7faa7-a936-4621-a680-60c512163034",
                    "leftValue": "={{ $('Set File ID').item.json.file_type }}",
                    "rightValue": "application/vnd.openxmlformats-officedocument.spreadsheetml.sheet",
                    "operator": {
                      "type": "string",
                      "operation": "equals",
                      "name": "filter.operator.equals"
                    }
                  }
                ],
                "combinator": "and"
              }
            },
            {
              "conditions": {
                "options": {
                  "caseSensitive": true,
                  "leftValue": "",
                  "typeValidation": "strict",
                  "version": 1
                },
                "conditions": [
                  {
                    "id": "fc193b06-363b-4699-a97d-e5a850138b0e",
                    "leftValue": "={{ $('Set File ID').item.json.file_type }}",
                    "rightValue": "application/vnd.google-apps.document",
                    "operator": {
                      "type": "string",
                      "operation": "equals",
                      "name": "filter.operator.equals"
                    }
                  }
                ],
                "combinator": "and"
              }
            }
          ]
        },
        "options": {
          "fallbackOutput": 2
        }
      },
      "id": "2f8a9c09-0fe2-4a39-bab6-c6a62e3ea16f",
      "name": "Switch",
      "type": "n8n-nodes-base.switch",
      "typeVersion": 3,
      "position": [
        1340,
        1880
      ]
    },
    {
      "parameters": {
        "mode": "insert",
        "tableName": {
          "__rl": true,
          "value": "documents",
          "mode": "list",
          "cachedResultName": "documents"
        },
        "options": {
          "queryName": "match_documents"
        }
      },
      "id": "c3b34cac-d3c8-41c7-9830-abf910199f96",
      "name": "Insert into Supabase Vectorstore",
      "type": "@n8n/n8n-nodes-langchain.vectorStoreSupabase",
      "typeVersion": 1,
      "position": [
        2240,
        1880
      ],
      "credentials": {
        "supabaseApi": {
          "id": "EraQWV0NIoG9FOF9",
          "name": "Supabase n8n-RAG"
        }
      }
    },
    {
      "parameters": {
        "tableName": {
          "__rl": true,
          "value": "documents",
          "mode": "list",
          "cachedResultName": "documents"
        },
        "options": {
          "queryName": "match_documents"
        }
      },
      "id": "e8c17cd5-0b7e-492c-85cb-7e37beac1833",
      "name": "Supabase Vector Store",
      "type": "@n8n/n8n-nodes-langchain.vectorStoreSupabase",
      "typeVersion": 1,
      "position": [
        1040,
        1260
      ],
      "credentials": {
        "supabaseApi": {
          "id": "EraQWV0NIoG9FOF9",
          "name": "Supabase n8n-RAG"
        }
      }
    },
    {
      "parameters": {
        "operation": "xlsx",
        "options": {}
      },
      "id": "181ef4ce-0e26-4f78-bd25-da7f99e59780",
      "name": "Extract from Excel",
      "type": "n8n-nodes-base.extractFromFile",
      "typeVersion": 1,
      "position": [
        1640,
        1880
      ]
    },
    {
      "parameters": {
        "content": "## RAG Agent",
        "height": 940,
        "width": 1560,
        "color": 6
      },
      "type": "n8n-nodes-base.stickyNote",
      "typeVersion": 1,
      "position": [
        160,
        640
      ],
      "id": "eb2d8203-c594-4079-bdf3-ffb43382a3c0",
      "name": "Sticky Note"
    },
    {
      "parameters": {
        "content": "## Index",
        "height": 940,
        "width": 2600,
        "color": 4
      },
      "type": "n8n-nodes-base.stickyNote",
      "typeVersion": 1,
      "position": [
        160,
        1620
      ],
      "id": "207bff78-c98c-4dcb-a2dd-e43eb601b8c1",
      "name": "Sticky Note1"
    }
  ],
  "pinData": {},
  "connections": {
    "OpenAI Chat Model": {
      "ai_languageModel": [
        [
          {
            "node": "RAG AI Agent",
            "type": "ai_languageModel",
            "index": 0
          }
        ]
      ]
    },
    "OpenAI Chat Model1": {
      "ai_languageModel": [
        [
          {
            "node": "Retrieve Documents",
            "type": "ai_languageModel",
            "index": 0
          }
        ]
      ]
    },
    "Retrieve Documents": {
      "ai_tool": [
        [
          {
            "node": "RAG AI Agent",
            "type": "ai_tool",
            "index": 0
          }
        ]
      ]
    },
    "Download File": {
      "main": [
        [
          {
            "node": "Switch",
            "type": "main",
            "index": 0
          }
        ]
      ]
    },
    "File Created": {
      "main": [
        [
          {
            "node": "Set File ID",
            "type": "main",
            "index": 0
          }
        ]
      ]
    },
    "Embeddings OpenAI": {
      "ai_embedding": [
        [
          {
            "node": "Supabase Vector Store",
            "type": "ai_embedding",
            "index": 0
          }
        ]
      ]
    },
    "Extract Document Text": {
      "main": [
        [
          {
            "node": "Insert into Supabase Vectorstore",
            "type": "main",
            "index": 0
          }
        ]
      ]
    },
    "Embeddings OpenAI1": {
      "ai_embedding": [
        [
          {
            "node": "Insert into Supabase Vectorstore",
            "type": "ai_embedding",
            "index": 0
          }
        ]
      ]
    },
    "Default Data Loader": {
      "ai_document": [
        [
          {
            "node": "Insert into Supabase Vectorstore",
            "type": "ai_document",
            "index": 0
          }
        ]
      ]
    },
    "Postgres Chat Memory": {
      "ai_memory": [
        [
          {
            "node": "RAG AI Agent",
            "type": "ai_memory",
            "index": 0
          }
        ]
      ]
    },
    "Delete Old Doc Rows": {
      "main": [
        [
          {
            "node": "Download File",
            "type": "main",
            "index": 0
          }
        ]
      ]
    },
    "Set File ID": {
      "main": [
        [
          {
            "node": "Delete Old Doc Rows",
            "type": "main",
            "index": 0
          }
        ]
      ]
    },
    "File Updated": {
      "main": [
        [
          {
            "node": "Set File ID",
            "type": "main",
            "index": 0
          }
        ]
      ]
    },
    "Edit Fields": {
      "main": [
        [
          {
            "node": "RAG AI Agent",
            "type": "main",
            "index": 0
          }
        ]
      ]
    },
    "When chat message received": {
      "main": [
        [
          {
            "node": "Edit Fields",
            "type": "main",
            "index": 0
          }
        ]
      ]
    },
    "Extract PDF Text": {
      "main": [
        [
          {
            "node": "Insert into Supabase Vectorstore",
            "type": "main",
            "index": 0
          }
        ]
      ]
    },
    "Aggregate": {
      "main": [
        [
          {
            "node": "Summarize",
            "type": "main",
            "index": 0
          }
        ]
      ]
    },
    "Character Text Splitter": {
      "ai_textSplitter": [
        [
          {
            "node": "Default Data Loader",
            "type": "ai_textSplitter",
            "index": 0
          }
        ]
      ]
    },
    "Summarize": {
      "main": [
        [
          {
            "node": "Insert into Supabase Vectorstore",
            "type": "main",
            "index": 0
          }
        ]
      ]
    },
    "RAG AI Agent": {
      "main": [
        []
      ]
    },
    "Switch": {
      "main": [
        [
          {
            "node": "Extract PDF Text",
            "type": "main",
            "index": 0
          }
        ],
        [
          {
            "node": "Extract from Excel",
            "type": "main",
            "index": 0
          }
        ],
        [
          {
            "node": "Extract Document Text",
            "type": "main",
            "index": 0
          }
        ]
      ]
    },
    "Supabase Vector Store": {
      "ai_vectorStore": [
        [
          {
            "node": "Retrieve Documents",
            "type": "ai_vectorStore",
            "index": 0
          }
        ]
      ]
    },
    "Extract from Excel": {
      "main": [
        [
          {
            "node": "Aggregate",
            "type": "main",
            "index": 0
          }
        ]
      ]
    }
  },
  "active": true,
  "settings": {
    "executionOrder": "v1"
  },
  "versionId": "58568227-a1e7-41c6-ac81-d35bb24823da",
  "meta": {
    "instanceId": "934a9e7dd20e2fad5089c3fe1108650835bafed455e0c7044c6446a941e37c96"
  },
  "id": "6vo1V6AzCW8CeIxv",
  "tags": []
}