{
  "name": "Flux Ultra / Replicate / Simple",
  "nodes": [
    {
      "parameters": {
        "formTitle": "Prompt",
        "formFields": {
          "values": [
            {
              "fieldLabel": "Prompt",
              "requiredField": true
            }
          ]
        },
        "options": {
          "appendAttribution": false
        }
      },
      "type": "n8n-nodes-base.formTrigger",
      "typeVersion": 2.2,
      "position": [
        0,
        0
      ],
      "id": "98c6eba2-d1ea-474e-ac52-f2f07245b35e",
      "name": "On form submission",
      "webhookId": "42377d3d-2683-4699-a92c-ec00168dbc1e"
    },
    {
      "parameters": {
        "method": "POST",
        "url": "https://api.replicate.com/v1/models/black-forest-labs/flux-1.1-pro-ultra/predictions",
        "authentication": "genericCredentialType",
        "genericAuthType": "httpHeaderAuth",
        "sendHeaders": true,
        "headerParameters": {
          "parameters": [
            {
              "name": "Content-Type",
              "value": "application/json"
            },
            {
              "name": "Prefer",
              "value": "wait"
            }
          ]
        },
        "sendBody": true,
        "specifyBody": "json",
        "jsonBody": "={\n\t\"input\": {\n      \"prompt\": \"{{ $json.Prompt }}\",\n      \"aspect_ratio\": \"3:2\"\n\t}\n}",
        "options": {}
      },
      "type": "n8n-nodes-base.httpRequest",
      "typeVersion": 4.2,
      "position": [
        220,
        0
      ],
      "id": "8e7c7e45-7582-4d21-b113-53b63724544c",
      "name": "Generate Image",
      "credentials": {
        "httpHeaderAuth": {
          "id": "RKdGdRRqz9jaRqaG",
          "name": "Replicate"
        }
      }
    },
    {
      "parameters": {
        "url": "={{ $json.output }}",
        "options": {}
      },
      "type": "n8n-nodes-base.httpRequest",
      "typeVersion": 4.2,
      "position": [
        420,
        0
      ],
      "id": "0a6e2fcf-ad1f-4911-807a-277973251c27",
      "name": "Download Image"
    },
    {
      "parameters": {
        "authentication": "serviceAccount",
        "name": "={{ `file_${new Date().toISOString().replace(/:/g, '-')}.jpg` }}",
        "driveId": {
          "__rl": true,
          "mode": "list",
          "value": "My Drive"
        },
        "folderId": {
          "__rl": true,
          "value": "1Dgk-f1nn3JxMwO8Si9ejJncfU7G9HAMO",
          "mode": "list",
          "cachedResultName": "n8n-Flux-Ultra-Generations",
          "cachedResultUrl": "https://drive.google.com/drive/folders/1Dgk-f1nn3JxMwO8Si9ejJncfU7G9HAMO"
        },
        "options": {}
      },
      "type": "n8n-nodes-base.googleDrive",
      "typeVersion": 3,
      "position": [
        640,
        0
      ],
      "id": "419d196c-b5dd-4e54-ad3d-92da1bb74e11",
      "name": "Upload To Drive",
      "credentials": {
        "googleApi": {
          "id": "33zR2IbPxZKIq3GM",
          "name": "Google Service Account account"
        }
      }
    }
  ],
  "pinData": {},
  "connections": {
    "On form submission": {
      "main": [
        [
          {
            "node": "Generate Image",
            "type": "main",
            "index": 0
          }
        ]
      ]
    },
    "Generate Image": {
      "main": [
        [
          {
            "node": "Download Image",
            "type": "main",
            "index": 0
          }
        ]
      ]
    },
    "Download Image": {
      "main": [
        [
          {
            "node": "Upload To Drive",
            "type": "main",
            "index": 0
          }
        ]
      ]
    }
  },
  "active": false,
  "settings": {
    "executionOrder": "v1"
  },
  "versionId": "05de1f0e-5d95-483b-9f27-6227a1cafaff",
  "meta": {
    "instanceId": "934a9e7dd20e2fad5089c3fe1108650835bafed455e0c7044c6446a941e37c96"
  },
  "id": "juLYtko77FxtfoQM",
  "tags": []
}